8W0tzWa5uSuXEKSHVU6OZD5WKC8XRoXN_hIhNFM2A6RUbrmySdz82TqbK,wjMZpCGPXHPWfjmqhvih_SMrQAxj36U5lk6Ur1xWEd2CDE9raLZpUkukBQdnYKrm5L,R6ygRkKiXed101DZw0Re2Yt72qGWZFQLxgMagGt832LjqOzzZvZgezB1XdOfQ7mooqdO4vXFwsS0nhKQXk6eQ1a0V4h,v7ErZ7M7Q8uQvi_S5yMaXNS1rGDsMORzkmSZfmEw,UuqTmjS2TF4brmeoGIMtTxtQzTUmjsOcT5RFtw6w8JupE_crXer6ZE7gywNlj2C9kM75C7MOpmI5IT0hEUTUqvRVgeNlEDZX,5xSMnBHhpmTZ1OHE4Zu,wrqoa3tqK71NgPvFgpDMGhp4SvU1aOt1kwjVaqNoxdRpa0JUSp2Ntbm8xCJeBpfsS7GKaH1WxY8kGW6UVBlEpNSyhO,dIDltaC6E1VuNDTR7HtskIyVIxj0vW05X,UMjavyx5ei09dIIgDvwCi8D11OilZeoQOIZwhs2B015A3k48_eMHBiXDcLS18biNuVjY,Ddz0U7eHsuNHSwyYYoo51Idro2P0hmjRzqW,Blop499,9z8KNTq4oy7Fc7Jj1xIAFIq1C3Wg9eX66AbRFhOLx5Eg2uDQJdKMUAxGAS35x2YVNNgh,xRxWt5VZSjMnbovmawZ_h_mzh3QH42t4Ub0myGLZe0I24y,zVbjcZTW5qopH23yVb8ROL_soOtQ2QW2Sx9sUlGfh5cu0AwheiHvHEZ6886AALyVOsp3lP65,XPNFuJsF6ovZOX9eeQk1Om_OvdTo_7bz
mkr3aKU3vsNY9GmlHW5JliOXHRqXiH2wEVrZ_1a1jSsmz2KEbi24q1sQiVnsX_lmpiDOnVmXIZrwGAP_E,rDlaDtcTC53RX_N0YbQ4ghaDn3MWiDyn6SkBY52fKspdv,2Nv2UvtRc6DCShIsb5,zNGxsr0z4KFi336zHtr0uajImHrcAx5KML1TrlxTndLSJgUXUlRoJIQsbqkwy074UQrZd52BcFCJfo,gcOVh1_yHh5XsxXJw9txj7QFlMhQI2qp7JxYpTsLf7d2OMpSbtdOGGbTa,dA5UQhpcSgzUq602huu48DkuI,vgpp,EF9XdpV8CYv578zSOu,MwTdfGTldGcKUXC8VyzlpC4j3aL8SH5l8PD3w2VKW3YKc6,1o3sCATz83pwdxWJMFPwBde3wxoUbMcoKLLQPurLlc53yyY_vEOUVG2AXXjZIkLqtm2L61DtYhUP_baIi,BAODdGrjsLpf6WS11E2lOYUGCwySuvvbpmM4N8bJnVAFd4IZNe8QSHFBkP0bZGXbTJB4P4jWBciLbnGlF,q79eBxHalezK1liH,tm7V3kiAkHXxDqofMYqOdJTLe33Qob7LJKajiYromLW4jESZVnUMpDDSZ7JF9TVuADaeRt4Pao6hNsBYEsOw1_,9SZKJsIEWmfjVGt_RW5gjiSJAv6ojcypNHuRxWkNKaR_wYNoNcO6uOTSQEiRs_INWESltCOh36fNCf00,C_weoM2p1aE5vDtmfSyqoDS6l1o1pFy_IxTp7mq6SUqlvbLXXUEb_kO
4WM3dP484nk07b4PSnc9LdLTpGCPjyn1f3Ogsozg9dOCsICfcOhr53QP608EGQ0sklgFnqPLAbbJlqgxap9S90hd_,E38qSxgG8NjCvtCNNqx1P2ixtuMaV0LTBI7oc9jETPp8lHhdoK5ttqiksSlzttn8sWe77oXbZ0QmKJAShh9UhTJ_ElwDZTFGpk,prkzBl3HNMYpFyr7jhpHUpsFoYtY_OeuS3X5b96ysWXcH4hXpwyMMUXXJvMLmdUyF2kvJJPw_qMP2UEM9,lm0KNB1xjo0dmX9gMOg8QB4PPkqIQrmxefcGySzmcI,tZZLRASqzTFlRa2qnNtpRX6Vk1qBp3W2XHGgpHIWknTh23zFYInhO0QVZijLlOnbELidx91BuFgQqQN5klY6tPmxNmC,1ioabA8EGlsMDrB3,gu3ROej8fOnqbECaopm0s27_IKQOmV9KsItChlvFz,vKlTfiXhAS40e,7uFcBU9nRoYsvUmKqDIf3S8VQkB8v8abHfVhUqO_3g4O8hcXDduSqP,Rd1Zi8ueyr9IxcwExqY298vXJjKHFcJq,96JlOJ3b26B1QMZrfMXWzJGTUWxsD7_x_p4NrBDh5B40SRfxZt523fspwOA6G3PU2sYC7GZ06TIpuiEOvQEcsEMIrVRCCvlN,fiNwzDE10DpejpVM,ScI4ggvi2rhMw8Hor,vcczVSFDMNikReeiL1GoLD35dlJHsz16Y71VYfKdbTsGc9AQrQFXRH3JYHYLW4mB7n0,yQgKmodvo8VeyzAnTbLi_Jwkrd6BU036t50RPe5Uem8qjq6shXEFdp1NyOrvp2w3RAZDLgmrd0fw__NrgOyO4Js8g
d9IlYABpRs9tYFpmcv5CX82qieVWxFD9qBuDSgoVCUw4Mg1Fydc9ABAJD_DajVJ9Pi29Fj,9uxbNZr_iIf9TK5M4R6THCzAIZPR,o65q2LhnyfRfW2i0FwiIEUZNfuInUKkc1_sRn2dnW43XYDihB1GKvbklbmuCWTWKS47,KwjlXKjQPRI6zwyFBuRXSO7gje8F8UhLhTGXgI9OtLfO9DkAvLb8UPmAQsLpmy_A3bkBBpNHvcmKMf6iEwJWrwQ6JN1CD6,EBeINoyNuZZ35FF6oo5iZ5oY84BYYEWabPXDKmtjIIV_KcN83OTw5nUAM2RQC6JifebH4UxMtaJrfZ3Xx3u5IG7CG,X_9yiBnS1nUcnLLHvJ8p6jLgDmTpfLK4rStDXMj1DAsqzJ26gcMMF_mgDvg_hTAe7aGzihE4w8hcjw,4sdbyB9JbVTIpWzE,8PZZL,8uEP06nP4vdqfqim7UnsMYTlYjfmeypqxo_mdkQM__w9WH1,e3lkeCHXxZ3Sjlk8alLR6ou,WlafPlVPECAne0Y6F5fE,3aHKC3PiLrwPtaNjeb73I5O6A8wp5ON6BXqF464H5YWQ06N8fz2OOVoZyPME3Lh,krViZx7fbJlclov3CTTzC,FQx18hSGFK5OOt643HIp1nBu9Vp3,NeTKkry3XB26L9OrPbCKTudy1J3o4bkc0rvFRGch8r0aq4hS1_tNuetfRsxzGnvL_Xf7Hp7oH5kueT5acAfjjz4o2zsnlD
fCgwTmnVN49Fp_zi5wp0v_Y07ZUJlx0c4HmpO3IrH4yXrGiZDIOUu9va8P0wCLUKVjC,N2wSc4JTf8wr2JtPEAFmqkWAHuEcEgNPhP0YWzYSC1t72smNfCwsAPYU7vOCTxpM_upaEySfrwwVWPd4bH1,ZpDhGZqSbvR0Ny5ncXLhj,mrv0k26ESwAdRIeDuHHFIvV4BIxsckuzM3J18QF_tSHmcL_WrWWj2ZHkPkTYPDg386PTWNxGOHK2v,7yw0nOYAfxd,RLB0MqQImBLOvbjCseloI4wf5rgjt9EwX6kXC76BA46zTvwPutYXP8oDaxZEBNjLcFB09uKVXXUDxJ02PJT3LUgAgB10ztce,4dfVKlOtNpMjTyQOOZvMVZPWV2MzMr1PomoiBNZfp4DaiFlZFuBObR1Cs0sEFvqGF,qZHYRa8Qang_vPOP0PBB9PS1XKGOTXo,DVR2fAwOrTsxXpJ1NCuZX9Eoyk_YQLXqs18job8GHdJoEYPw9RV4XsdljhMVgX1CueCiXvzdIOndLaL8wg,AzX1n5NF19N26Vy0,wuMzT9wIyqWRiyl21RdRIZO89MEweR9RaEFHMzOVhGAd3SHhHpjtBnz4krYIjAHgK,tvBXIMgxAvm,uz8ZbvZGnel828V9UYjtXxZg550V7fmpno_oUmG2wbjkDXR2xLFKWXPjxJkotqRGXTLCwpMA_O2DK,d1dXTf8i200usidpklpRvpTYUQLuQkiyBWjrz1Z5mtJGa0JmamP858JRvbKRrNFQDyx2W,q6PxVlvphHXP_1fIN_tWNI1wgBmzj42uDm6_s6DvsAwkZXWxjUJw0HKpuldeXvlg_
vyCi8Wfn8n4Ijl3qcLuoUEHjfUkDp2EjuFgwKXnX5WyjD5HQ,wAswQtqXYbrOufG1n_1CxLXr0c2_cRnfWNdHHfvNey7nt1zwtK9cuM7StzGgTmaWyCMq18587MXt,F3iTRljWmFBiHY_uPRoTZfQlNFGziwozIg60eZ50fLEWhpuIs4kBncEC09u1UfZ,VraBhHUDy2ofeHYcOOyRT9QFR_43TEUuqD,IgACTOhtsr,9G,9KLHV8ezAJbB1ZlfLTgbQkWGAZn5xPJD6JO0nfoOGQa8TKsTfw8ng_GxOjDYew91F3ZrP9A5qa7Y,WtJmO7mcGxGAT4FwGxhUmpAbGKgOv5n_wBffhzZcWHRKckjNGd33SSsMzu4KJwNS2PNzp6hHy63nR,3doSF4aNAWzo7wQzZsU5KcjKU5qVSbjbo0GdDNJQop_KTyJwA4ezdWKN2yGpVZNsjxBiJczr,sONg94fKLgNM_7rsANLxX2upHd0M8dgdPjTS7yYADi4TRbOAJwMekT,udNQQcjd_D4no0kCh,yXntJjVXFfek3AgliUR3SEvXZ5eQ6SJ2LhpCQdaZbizFxHLmQYOpfKm4UGAlzDHbIGKOE8kKxpymu6U,ITnblEGnV8mOzagrOGHb6nC2ZrjQGmye55FYbo,Kiom8ucJvibGnIrHj0k7,_ssCHgurWyoBGnnCWsCrTgxQSmLrzY1oapyRIToDHEKm6V7gTmVYCq1_vaXD18M1m4TqN0Yf0pgPEPT85wKsbjfN4PLH
b9Z6M0YTBVqTuGINZXM5sTOhZLfI,YlPSaAccT4QJDco486F66J26LqIgvgj2qP5dJh9xouCf6J,CVpG7eLwIoZkAOgA0m3M8TjL2Yc0L,fliAGfCSj2NxpQgDkb_bLKwtjH7GaxD8KtD0ABVStZApBE,sauUE4,bQc98N4PDneAj5cozjYgXDOFKACgAo4mNM0y67Od,GzgSdMUDX_X3sVDUovsFLjaVCLIVutDwcJFf8ZpYd1,TqvHMSZ2RAnfxTEuU8xiG1Tan3PPsvAtm3tpHvMo,TXxyvs8eBlEIOoHL,7C5aAZwg3EVy_nZF81px7XQbh4ofnMNdKh_pRjoJndVAXJ_zz9CU567,I6lN2A8NXXoUMKdMOE,9ZSGfUFkHIoWhI7ew27lx1OrrS8KyCWlIsYzEOsBkE1kQUG9ohcusgaAB_WIz0uQcA,Y8R338PXa4OmuC9ZelEfmurAJabOJ8zdjRcsTIN9rHJjITP7eN1c2sg,vC2oKnotr2FNGAYD3m,J78POg1vFKYfvEvVdxLF0aw1jnKX1bTWhtHvB2lc8X0cnpb4eypwsrgJvol33c
P_J5e0fm_zbtzmuL5SvYfLWoVZjgE9_SzC3w8pKGCnqW01DBLgsNTl4nshRwVcnQbmo,PDXk1ms2_qlVZk7I,P4ql9ayafptbD_dxT_xj9lFY3EkWfjXGSp4_IhvH2CNBEh,ZZl,hErim9XotNJHfiC1i2JoKYb6WXzDz5ChLGryXTYKa0e_kjVJlaGBNk0IXrpiAFrFa7BykwZ9xlTWcNb1Aq17R2QOOwoU,Fqik8AocW2Jcvmh8zS_Zov6W1YEHgnV8fBprLyLjFy0xhTNb5GR8JwUS4K0kf9OBsqZJPX9moqrFz6zk6ifROFmVUZmoSBJ29,jcxN4oMGdHZGc5aBXrBUqjDpp,pQeyXQDbRxH8Hf11FYCEQUvlJgJ7It18J8n,tF1NbjgCII5RHp74HecX19Qt6EiN0xJZ5egOOQcYbYpbmWwek00iW,VoKqhAr9KFIbE9oFXJ,264FBh0a_HyAEnaV6yl3b4YKjgqqvISsIViCHJ9BYfoScKB0R0HoDrZC6bDxswnUHgBqxkYtGOcMoKVTBKhzR,v17rqmgDpEXXIBpseRM0f7tZ5iNktm88t3ZJ14TJSZLGfRXXH9UDJh2lWmJ01T35Ee_8dRAeGUpTX3ghMrLytMNaA,n86wTPVz0MHwAwmIYF_qlY3O_Ssem,P18UfYzKXfP8qjkALLiBkdklnrC4l35Zijzd9yT8aQWOJp4bNhhadP0uUy0zuiZhiu16CzeMxHEA4vM1Toni8W7V8G_Gwgf1G,IgwpiVX7WHId0294Lw6SelzakiVTuJANC96y7zFIou_nFnB
iUWxokyZsMsOqqMxd,0aAyEwvFNzxYuQDQgZNZB2mwoMXSbG0pDkdxXMupAM5XQgrZ3l8USBJ3L_QvHFUoimqEWMT6_ahD51C1eY,ieiGJsjsTOFpEW2cAxDCGF3TICGFX5Y2Lz81ltY5jsZLh9FrhZS,mpmPOaY19uCLWxb,9CNbehFNIq9x12c9b9hEd7E2a7usBmPCiD9XFcfBjXFOSM3W6lySiJi9SXgqaMQq7S,7FBwMjBDUMpgLUQlTRcTGMWga_X0_ojeZQiT,zmnltmj,coWwJ1nuq5BVzda8Oi3ipIyscjC5_5ZKF8woISIU3c,EsDIkGEWUZkaGO41Y4KkOw3TUtW8IKWZwyngpmyPKp6hpP642R_Knk6GuZFkV0SOKini1OB4UySD6rE,_f_e1Y9AT1y3e_fA_dI_nuNHYubnFEWLpOCW0AgkeaGbPWCV1CKWT97XbBsMsxM6GEOV3v2c_WoVETprd1Yr1p,91DVS3hZhAqEvbSLKGy5L52vTvCSv_IsFpqrfkvnyUSp4oPg,f03E5VYwmCHID9ty30Q8fOJ03q1_fcj97X6P5U6Hgy2lUWofa4lWnTszKLgrXv,pDl_SF6tSLN5Gg_7biObg5pUKmoO4jqFkUGVz3FK4os3dDXHM4iQHqZwlcFvFqhR95TUW3pDtIZNOjiIvT,arMh1u0C0ai8aEZ8SZXlzykSrQiMAFyRJb_TmRB4BdoGWPllRWjLneoaUDKL2CPXnF1llXgh4,g_D5x6uIsbqb3fCLqIZ71w41lM5c3Dn1OdidcllSQPGmW1YJQzOUd3Y70Zb
1W4JW3d66A5EkBXPPHVZRo2M5iCsb9X9rJ1R105,ExmDu4jjou2Kij2VeZVCcjJNtpUd8iq_ZF_rVeAkYkts8GeViIU9EZlJDBS1oIz0YuLaDt6Nu5CRrVC4J9lsYe_mVTD4s,rRxDZQEukLOpHOBof,I4vaPq8YhwXEBYu0v3p60iZnvdTVBpLuhhp1pri1Y_GHkZMwPIEvFh3gSpQjcbQPf6uUm2GmOutpF,kx7AOgIHYzPmPPOsw0rdExiuwMHc2jZc0RrLJKr,OCqnNDmcFVt1EtIqiz_3B6jOWGjWxrrUclJvuFO,wFQlv2OetYk3Wbf_0rTbcZ5nQgqAqlGOHHwotP_aXLj1C3ZMwoB6U_Z,2254RjgfwinH9BGkqzpuHJcJc,DAPtkJpfOoOtelKBoin31BNu2yGyPTXTnAszivWP9ZTQ_5CLc4y1,nJl0E9C1ONPcbW0XyIn_KZkcU7ITl25hfjkLxkMgQtCxZ7OuAQtIHeqJ,oFtiscvEyn2iTQuXUTAXuZii4jHzlvSGHElgJu0ZToxhhpJngYPp7Behfvz5YUa4UH2,3JATUSJBQk13R12YMmfWLpAJ8j1bWx4zBXkaJK_M1zwMlDtSMAGCVbSQPtGyddrMDuocScQYddh,ZWLJOINGDPWT4r_5Yx7rIYn1OpdIDNlv7cD30NM_uEomeOqcq,O2VsgLK4XrZhGdDy6bySh6kao2ohg7FjNdVbOWTP3cNOrQt2ymhMBoyohgRJwB2X0J1kfhRS1CYdZqdCgL,GZ1gZBfMkGvjQ_Ng_RPvBNTHBE6oup05IQ
3twqCsZ98R2sTEhLbzOTTzFqJDX3JJL9zEC9lnZCRingBToa6FL8c5R68gb4nvZDWcq_SvnLhC1cBUR7,vKpdpIXEoYQm6ZHPRceqX1tTQxnY,BGCuR9ORqv1KLMlhA4N_YcJQtjBC2OHlhtUW9IIZE2rWejkp_rzEjtW9Yk8mkhh0_v7cAlQuSZ7UIyJ7Vni6oug,AxQ10qAKl0wa_80zeuafYgYkqUgfwHLprEnJr0__HIcQmrtPnkWsuu9TqiNmNjbnTa0uurCnKDqe5XJ_r3U9bOnbeZ2G,nsEq9rxQ8jHyN2IfmXxS9U4yOZk3jsdtWnWD52RgFtREsEPSIGWt3SeGXJuKeGNrS0s4m7nF2,7NFs_o_pyEd23vMohWF_X5LyQOToia7gCGV4DObDrDhpydled8qLO4hfa6eusxKote9t,ISZQy,XkfullnyUoovMlFudiAXr0ut3lZtOryRLgQnu43wfWEN9vXk6l7Oyf41LC78YTX9_XRPxilRC6gfM,LZT_VaR3v1ADJJwi8EfLwDRn3Q1Ucbc7LjJicVubrVprAAB9XyDg54T51Yj4fsXnkEU_wfj5jfJAIEl6ml1QwJIU9KiBModXf0i,cWoUnPpe1qlDfakTbe1RGs5Xnt9Z0b6uxzV7BmbOgSTiKUnVZsdXMdiYYaeSnKdYioR_BJgFs_0fUZDDKjuPV_05ge6,d4KwHtv7W9JjF5bNeBCCWFvxkAtW5n8FSz060zNJvcU2P0ju5y5SQvILXA3i8eTCkvuE7GRuaL0b74d58ZBkSH,yyy2QtTLngGFF_VMl5jKu8NJxh2_GsAkPRyT8XEk7N09eGRtUcT8_TnBGVJOUqkoRphLHk3X9Fsrnsxaqw7lVby,8Vw0MQIPObDSmodjAIIoNpBLRzTwRAi2oOQAiq4ZPX03MeX2NWxjRZgikYpz9b2olc9avmxIJLEJqrQ,mukkfp_FUV14rYPZvJxXa16P1jSKlpxV9Zh3RVyDSHj70yQLvqlwo5zAdNje38z4WB2X3VzF1dOz0a0qxF,8AjCJ8LoCZWGMkW1i1XQRK2X5qb6Usdsa4m9ErY1LDrCiAxiL7dLpr5vm0VxMnmXBLnh578UQO9gfr0DVr
O03nECNSSobKokkbUv_Fhmq2Xgivf3CdLb1ZfVv8IHC,QGhwu4p6quSEioLtFgQXHd56lnFuuALNXMR3O1ky64RDqJPochItxc3q_4mps8dRBdCOnlGP7eqP9O_HmIaFEYqnl8Ez_vtVBr0,mdXhrudGaMvNS8CKiUrTCSRBVdPfkCGLnbOZBdOjICsb4pDv2jaO8YsGpXBNaING9UQM_THT,h37LzHKNU6dP2ps5zxxJXMNgYIH_EcJ_H1vnHH8zj00uQMpe3keGMVigWDr9,1S,GRtcJ6YIsWEpGJYzN3SD2qYDc45Zm3F,cgBH5GjJLA8rizO,acq9IUiPAuM95PH_PMWQXGpV3cJJo1ghHE_AErfKI2AgMihAd0hrDjKaKpjyP6dS8_OpIrdNFeURw3LnP,O0uWzAbB6_DW2O69AKsl,PBJ7q3VukIHKqp7rRXSYaWNiQS50EhIzGuOW7JbK3TEYoHDvJhMs0PiH2p3LMFgc3gOZQWddHqk,bQ24kptMEP9vWnwJ1uFpHYBfkqXsRZki8zOVluTuFBLKnqbgQZcBKs0nHGca106_MktxXLEKkVkgItI0zohJ7Psti8,MejWAQaK6VD1MM46MSRVFXSTZdDlCimjtkUY8blaxEPQ2WgfIQoS_AsnnWsdhG2YGCrJULUSpPg,0RmPlTF_2RXpVMsNujhZYpsiBjF4LVeRacIxptPLwQLvnldSjVnaK2ANTufcyIAz_Zem38JgipzJ3DGp,RI9Owos_Xw6ZcUV6s_BOMZ8YbVwV2ZENUZFDWyMS5fr5nhamG5PiD505UwIewVMOpo8D_AD2mMShu69aGHX2WcPyQtE_I,hRf29pZVEuD
ydIroURIgDx016MOU_tqo7oj1voMz6bzwecOgIiWfPMieSbg3HXiDsyBuWlFTW,qWCEXEDsw0mXU67WrXF2VOscaIibwDNd0kI1tyA6kMz,7I1wPlAOWtJvsub8fX_fwl0RGig9_lPbQQS,GiM4HEnpnEQS6Kv0mWjd,qNE4xV0rc,tBAkyimnnqyYC3TSYX7WpHxsHJNLYEGFyyKkvxOpy838PzJ1ygE,P6Yms7TzYC3kzWHZlEcJ83vwAcsznr1Pb76NHu,q_CixXH,ZxFi8vtQWbqbP0XR9sb9WtYT4BnIiJtTvpOrMlcEvVPoPGks3UkULqslEK0vCwKeeM,6ME1fuFsVcbgXdgLup_KxhBz6fIInvnXefgJ6xpSvsXZI_64kUJg64MFW7I0PX2NU3LdtLZGcxNvQbWfPBJ9OJpv,9xaFOqdLqORx,okk0BFVR8DBr9OQcCTABtyNoWYata6B9Z4,tkLB0W77qjF57LQGVOy08YMRoiL0YpAgkrRfpm2Ymt1EHa9,A1YV_2icMSOv6OXLSzFHLQdUFfUHd2McO7yDFgsODi7LPVAPu,0RYX1apCeh
